id001	name001	email001@example.com
id002	name002	email002@example.com
id003	name003	email003@example.com
plain_line_without_delimiter
plain_line_without_delimiter
plain_line_without_delimiter
id007	name007	email007@example.com
plain_line_without_delimiter
id009	name009	email009@example.com
id010	name010	email010@example.com	ext010
id011	name011	email011@example.com
id012	name012	email012@example.com	ext012
plain_line_without_delimiter
plain_line_without_delimiter
id015	name015
id016	name016	email016@example.com	ext016
id017	name017	email017@example.com
id018	name018	email018@example.com
id019	name019	email019@example.com	ext019
id020	name020	email020@example.com
id020	name020	email020@example.com
id022	name022	email022@example.com
id023	name023	email023@example.com	ext023
id024	name024	email024@example.com
id025	name025	email025@example.com	ext025
plain_line_without_delimiter
plain_line_without_delimiter
id028	name028	email028@example.com
id029	name029
id030	name030	email030@example.com
id031	name031	email031@example.com
id032	name032	email032@example.com
id033	name033	email033@example.com	ext033
id034	name034
id035	name035	email035@example.com
id036	name036
plain_line_without_delimiter
plain_line_without_delimiter
id039	name039	email039@example.com	ext039
id039	name039	email039@example.com	ext039
plain_line_without_delimiter
plain_line_without_delimiter
id043	name043	email043@example.com
id044	name044	email044@example.com
id045	name045	email045@example.com	ext045
plain_line_without_delimiter
id047	name047	email047@example.com
id048	name048
id049	name049	email049@example.com	ext049
id050	name050	email050@example.com
plain_line_without_delimiter
id052	name052	email052@example.com	ext052
id053	name053	email053@example.com	ext053
id054	name054	email054@example.com
id055	name055	email055@example.com
id056	name056	email056@example.com	ext056
id057	name057	email057@example.com	ext057
plain_line_without_delimiter
id059	name059	email059@example.com
id060	name060
id061	name061	email061@example.com
id062	name062	email062@example.com
id063	name063	email063@example.com	ext063
id064	name064	email064@example.com	ext064
id065	name065	email065@example.com
plain_line_without_delimiter
id067	name067	email067@example.com
plain_line_without_delimiter
id069	name069	email069@example.com
id070	name070
id071	name071	email071@example.com	ext071
plain_line_without_delimiter
id073	name073	email073@example.com
id074	name074
id075	name075
plain_line_without_delimiter
id077	name077
id078	name078
id079	name079	email079@example.com
id080	name080	email080@example.com
id081	name081	email081@example.com
plain_line_without_delimiter
plain_line_without_delimiter
id084	name084	email084@example.com
id085	name085	email085@example.com
id086	name086	email086@example.com
plain_line_without_delimiter
id088	name088
plain_line_without_delimiter
id090	name090	email090@example.com
plain_line_without_delimiter
id092	name092	email092@example.com
id093	name093	email093@example.com
id094	name094	email094@example.com
id095	name095	email095@example.com	ext095
id096	name096	email096@example.com	ext096
id097	name097	email097@example.com	ext097
id098	name098	email098@example.com
plain_line_without_delimiter
id100	name100	email100@example.com
